CONTENT,RATING,label
全职主妇侦探，不，是强盗。,5,1
哈哈哈哈哈哈哈！师父果然威武！,5,1
哈哈哈哈哈好带喜感的师傅~~,5,1
从小就这臭脾气,5,1
主妇很威武！,5,1
小姐，你的熊掉了.,5,1
小姐你的熊掉了……神啊……,5,1
几个sp中最好看的,5,1
"小姐,你的熊掉了",5,1
主妇桑。汝辈还是内么具有喜感TAT,5,1
为最后的小故事多给一颗星。,5,1
小姐！你的熊掉了！,5,1
= =fa打瓶子小人的时候 师父怎么没上。。。,5,1
师父的故事，另一个炼金术师的传奇。,5,1
小姐 你的熊~是你的熊~,5,1
师父本身就是一个牛逼的存在好么，各方面。。,5,1
第一篇还是大河剧画风，第二篇忽然就变成了少女漫。和师匠比起来，爱德真是弱啊！,5,1
亮点全在最后啊！,5,1
笑死了 把熊过肩摔的女人跟举起钢琴的女人有什么本质不同么,5,1
………………………………这……太能搞了=        =,5,1
笑死了XDDDD 这样一看师匠和ED好像啊w,5,1
初恋的故事很有爱啊啊啊啊啊啊,5,1
大一寒假的考试周   ,5,1
究竟有多喜欢这系列的古惑仔呢？,5,1
经典片，现在拍不了了。,5,1
那段时间补得电影，看看还是不错的,5,1
女主口音有点做作，文艺乔最后一笑萌化我了,5,1
男主真的是清纯文艺秀气到了极致啊！用徐海乔的脸带入吴邪，相当和谐有没有！我以前看不进去盗墓笔记的结果就因为这个看下去了,5,1
还记得是大学，全班儿就我一个人去听Jason外教每周四晚上的口语交流课~ 他给我们放了这片儿我觉得好看极了。。虽然没有拜读过原着，但这版所呈现的包法利夫人也不差毫厘了。,5,1
小姐……你的熊掉了…,5,1
【小姐，你的熊掉了。。的熊掉了。。熊掉了。。掉了。。了。。】师傅的恋爱如同暴风雨o(*≧▽≦)ツ┏━┓[拍桌狂笑!],5,1
师匠萌到爆啊~~~~,5,1
小姐你的熊掉了o(*≧▽≦)ツ┏━┓,5,1
这位小姐，你忘了你的熊   lol,5,1
哈哈哈哈小姐你的熊掉了,5,1
我对师傅的崇敬不是三言两语能说完的,5,1
超级喜欢露白，这样的男人是我的就好了,5,1
最喜欢这种特别生活化的温馨喜剧~~~~,5,1
小姐，你的熊~~,5,1
哈哈哈哈哈你的熊掉了哈哈哈哈哈哈哈哈哈,5,1
又厉害又搞笑又可爱又温柔，布里格斯的那个女人真是不简单，哈哈哈哈,5,1
这一集日式复古风格的细节好喜欢 初恋笑死我了,5,1
小姐，你的熊掉了，哈哈哈,5,1
哈哈哈，在剧情差不多忘记光的情况下，还是被师傅炸出来了。,5,1
原来主妇还有这么青葱的岁月呀~哈哈哈。小姐这是你掉的熊吗？啊哈哈哈,5,1
你忘了你的熊！,5,1
爱玛怎么会那么美……？不，不会。但可以肯定的是，在夏尔、里昂眼中，的确这样美。这个女人是个梦，人人都迫不及待的踏入这场梦……,5,1
诶。。老公如此好。。实在不应该啦= =~！,5,1
“于是，我似乎看到多年以后，你站在一扇蓝色的大门前，下午三点的阳光，你仍有几颗青春痘。你笑着，我跑向你问你好不好，你点点头。三年、五年以后，甚至更久更久以后，我们会变成什么样的大人呢？是体育老师，还是我妈。虽然我闭着眼睛，也看不见自己，但是我却可以看到你。” ,5,1
最后一段对白挽救了整部电影……至少我是这么觉得……,5,1
非常真实的电影 如同周遭的生活一般  91年,5,1
虽然我闭着眼睛也看不见自己，但是我却可以看见你。,5,1
徐海乔最苏，最帅，最甜，最善,5,1
テレビ静冈　在最近看了如此多大烂片之后 这部简直是让我感激涕零啊 最爱这样的日本家庭戏 最后那首演歌让它从4星升华为5^^,5,1
我要信仰共产主义了。,5,1
坚韧的女性的形象。也不知道西班牙本国人看这个是什么感觉。难道会像我们看红色电视剧一样有不良反应？,5,1
有了这个结局算不错了 要知道我可是不怎么喜欢**party,5,1
看过太多，拍过不少。越发喜欢有条不紊的讲述，电影语法用得有章法的影片了。,5,1
你赢了……再过三年，或者五年，如果你开始喜欢男生，你一定要告诉我……笑屁啊！我是说真的……,5,1
孟克柔张士豪林月珍。天蝎座O型，游泳队吉他社，我还不错哦。,5,1
台湾导演对于青春片的把握让人咋舌.反正看得心里又温暖又感动就是了.,5,1
这部电影代表了大部分人对台湾青春片最初以及最深刻的印象。,5,1
我把《蓝色大门》作为我二十一岁的礼物送给自己。,5,1
年轻时要看一下，必须的。,5,1
孟克柔遇到张士豪其实挺幸运的，他身上有很多可贵的品质，正如她所说的“善良、开朗又自在”，他不仅帮她确立了性取向，还鼓励她向喜欢的女孩子表白，最后他还说“如果有一天你开始喜欢男生，一定要第一个告诉。”,5,1
好喜欢克柔的眼神啊，我的青春怎么没有这么羞涩过,5,1
2014旧历年最后一部片子 可见春晚多无聊,5,1
2个小时之内还原成这样很不错了。人物各自的特点被夸张放大，包法利夫人更加虚荣浮华贪得无厌，医生则更加软弱可怜。那个时代的女人生的不好有点野心就是想入非非，有点姿色也不知是福是过。,5,1
子爵的美貌压倒了剧中的一切。,5,1
还是老版好莱坞的好看，服装造型人物场景都很符合，虽故事情节略有改动，但是以诉讼官司开头以福楼拜之口道出故事，还是很有创意。,5,1
哈哈哈哈，伊兹蜜也有这样的故事！,5,1
小姐，你的熊掉了……（没有错字）,5,1
(ง •̀_•́)ง “小姐，你的熊掉了！”,5,1
哈哈哈哈 小姐 你的熊掉了 XD,5,1
小姐! 你的熊掉了！,5,1
只是一个寻常的主妇,5,1
很早看过的一个电影。不知道为什么 就很喜欢。,5,1
喜欢的人会看很多遍,5,1
冒着被剧透的危险登录豆瓣，是ELVIS给了我勇气！这个电影名字很土，但出人意料地还成，女主都很美，“40岁的侏儒”小朋友超可爱，歌好听，剧情也没那么糟糕。当然最重要的是，猫王真的好帅呀。,5,1
看着有泪点,5,1
不沟通谁都不会有笑容也不会流泪，不管岁月怎么变更，我比谁都爱你,5,1
与改编质量无关，电影是好电影,5,1
总之，是从头到尾都很精彩的电影。,5,1
因为配音…………所以力荐- -,5,1
我当年非常像林月珍,5,1
青春啊 飞驰啊,5,1
07年，我听见“三年五年以后，甚至更久、更久以后，我们会变成什么样的大人呢？”，5年已经到了，张士豪已经不在了,5,1
十三年前，陈柏霖演运动型高中男生，被两个以上女生暗恋，看到喜欢的人就憋不住傻笑，最大的秘密是尿尿不成一条直线。十三年以后，......他去演了《万万没想到》。还有桂纶镁，原来她不面瘫这么这么好看耐看啊！可爱的年轻人啊为什么要长大变老。,5,1
不可思议，那段时期我们都幻想自己是白色衬衣单车少年，为尿尿分叉忧虑，后来我们毫无意外变成大人，也失了那些莫名其妙、毫无用处、做作矫情的理想。但我怀念他。,5,1
这台式小清新真是看得我心旷神怡如沐春风，下辈子我也要做一个花衬衫短发骑着自行车和出租车抢道的风一样的男人。,5,1
偶尔不由自主地闯进一个平行时空，那里天空特别湛蓝。猛一惊觉，是回忆。电影如同一位看过世间百态，世故的不能自己的大人躺在青青草地上闯入这平行时空。剧情着重在校园部分，但所要传达的却直冲整个大人世界。还在懵懂未知探索的青少年时期，敢追敢梦敢冒险。「我们留下什么 就会变成什么样的大人」,5,1
“三年、五年甚至更久更久以后，我们会变成什么样的大人呢……”,5,1
没有信仰的我永远都想不明白为什么会明知不可为而为。独裁是可耻的。一些细节表现出人们的恐惧和人性的弱点。如某些影评所言，不知道现在的西班牙人看到这部片子是什么感受。,5,1
这么好看才这个分 抱不平,5,1
优秀的坚强妇女片……,5,1
还是这句话，下一场会更血雨腥风。借用当年学员队长的毕业赠言：“你是地瓜，就把你雕不成人参！雕成人参，你也还是个地瓜！臭不要脸的的东西！”，所以成天幻想厉害国臣民的低端口都省省，你们根本没有赤色基因的！当韭菜的命休想分蛋糕吃！,5,1
极权催生苦难，苦难催生极权，环环相扣，直至变成沉默的潜流，伺机吞噬,5,1
没看完，女主非常美，情绪细节刻画的也很到位,5,1
等字幕，呜呜 果叔,5,1
看叔和别人上床好难过😒,5,1
德国人也能这么搞笑  Marcel Schlutt!,5,1
相比之前， marcel好清水这次，哈哈！除了小肚腩，可谓是时间停止啊，对于marcel来说。,5,1
因为分数太低了，给5星。超好看啊！Alex怎么这么帅！,5,1
8.7；多么多么的高兴,5,1
意大利的滑稽戏演员们太出色了~极力推荐！,5,1
虚假的甜蜜,5,1
讽刺社会同时乐开怀,5,1
小姐，你的熊掉了 ~~,5,1
师傅这集op字幕画风都变了哈哈哈哈哈哈哈哈哈哈哈哈哈哈哈哈哈哈师傅真的太强了！还有初恋那段玩梗好搞笑哈哈哈哈哈哈哈哈哈哈哈哈哈哈哈哈哈哈,5,1
小姐你的熊掉了XD,5,1
主妇你萌shi了！！,5,1
我看的怎么没有彩蛋！！,5,1
7.20 “荣誉不属于评论家的分析，也不属于那些指出强者、实干者的错误的聪明人，荣誉只属于那些有行动的人”“做人如果没有理想，还不如当植物”这老哥们的人生观和价值观很能鼓舞人感染人，怪怪的老头往往都特执着~固执又糊涂，开朗又乐观，真实而有趣的人总那么难以让人忘怀。,5,1
绝赞！老头子的纪录保持至今,5,1
可爱的倔强老头，富有人情的小镇，秀丽风光，热血剧情。伟大的人伟大的电影。ps，两个赛事工作人员很漂亮啊。,5,1
"If you don't follow through on your dreams, you might as well be a vegetable.324.85!!!!!!!让我内牛满面，老霍还有他的摩托车。",5,1
当汉尼拔卸下面具，骑上飞驰的摩托，就再也停不下来。小时候，坐在爸爸的摩托车上长大，难割舍的摩托情结，让一个老头子展现的淋漓尽致。当他来到那片盐田，眼角含着泪悉数英雄时，真心被他打动了。,5,1
一个坚强豁达普通的老头，尤其喜欢那个小娃,5,1
梦想是一辈子的事情，强力推荐！,5,1
他感染着他生命中的每一个人,5,1
"好剧本,表演很真诚",5,1
还不错呀，评分偏低了。值得一看。,5,1
没找到中字,5,1
灰暗的都市，流着蓝色眼泪的吉儿，尼可·波勒像宿命的诗人，从冰冻监狱中苏醒后一直念着不知所云的诗句。,5,1
情节朴实无华，故事引人入胜。,5,1
人都是一瞬间长大变老的。,5,1
好像整个夏天都过完了，什么事都没有做，然后又好像整个青春都过完了，什么事也没做，就只是跑来跑去。三年，五年过去了，没有变成任何人。我还是我，你也还是你。,5,1
我们会变成什么样的大人呢，是体育老师，还是我妈。,5,1
没想到还挺真实。对自我的认知还挺令我怀念。自已也曾在本子上写自己喜欢人的名字。真是傻爆了。,5,1
“好不甘心啊，夏天都快过完了，好像什么事也没有做。”“对啊，好像就只是跑来跑去什么事都没有做。”...“但是总会留下一些什么吧，留下什么我们就变成什么样的大人。”“你这句话从哪里偷来的。”等红灯的路口，骑着车在队伍的最前面，绿灯亮了，蹬起踏板，印着椰子树的花衬衫被风吹得鼓起。,5,1
这版超好看哎,5,1
故事十颗星,5,1
这一切都是命运的错,5,1
女孩子都要借由包法利反思自己。,5,1
"女性十分伟大,战争是一把双刃剑,教会一点都不像上帝的使者.人民的内心都向往和平.希望能和平下去.",5,1
西班牙版主旋律影片，国际歌在牢房里响起，女主风彩不输洛佩斯、海耶克,5,1
做人没有梦想，还不如做植物,5,1
hopkins演坏蛋坏的透彻，演这样可爱的老头人见人爱。说的话大多都是至理警句。励志~,5,1
老爷爷太热血了,5,1
只要关于自由，关于疯狂的一生，我都喜欢。,5,1
人无梦想如同蔬菜,5,1
安东尼霍普金斯，神一样的老头！好励志的老头，让哥汗颜。,5,1
人不能没有梦想，也并不是不在年轻了就不能再追逐梦想，梦想不在乎远近，不在乎岁月长短，只要有信念就可以！,5,1
老家伙，我好爱你。一瞬间超过所有人的感觉比平淡一生要好得多。梦想，冒险,5,1
在生活中，总有一种方式去练习学会不再害怕。,5,1
5-。各种励志，感动和激动。,5,1
在CCTV-2的“正大剧场”正大剧场里看的，现在好不容易找到了，但是不是国语的。,5,1
打小就喜欢看这种片，难怪现在喜欢看基情片,5,1
童年电视回忆,5,1
好像是小学四年级,5,1
美好的童年回忆，就记着两小孩被坏人追杀，最后邪不胜正的故事。哈哈哈～童年呀，当时觉得真的很好看。,5,1
365夜故事里出现的，台湾配音奶油话很重，四个兄弟一个萝莉，不知道记没记错,5,1
365夜里看的，无尽的怀恋，我们现实的生活越来越像童年动画片中日本人的生活。,5,1
就因为小时候看了这部动画，我对西方龙特别有好感。没想到这影片的原版声优阵容如此强大，当年看的国语版配音一般。,5,1
很多人不喜欢的电影   也有很多人喜欢 很酷 很精神的电影..... ,5,1
唯美压抑的画面，极端形而上学的情节，就像我的白日梦,5,1
现在看来...亚瑟王怎么可能是男的这不科学!! 小时觉得是帅哥的现在看来一张脸都好怪 我还一直以为女主是阿拉蕾,5,1
跪求有字幕版。这个可是国内日系动画片的一切起源啊！！！！,5,1
365夜作品中的一个，可爱的少女漫画类型,5,1
这是一部现在看来都非常棒的科幻片，但是这种形式注定不会受到大部分人的欢迎，有点偏核向，剧情说实在的是有点无聊，不过经典的科幻也就是这种形式了，本来想打四星的，算是向作者致敬吧，话说，04年的CG没这么糟吧，最终幻想不是在这之前做过了嘛,5,1
我就是喜欢这种风格的电影 管他别人怎么说,5,1
犹豫着给它四星还是五星，跑来一看这里的平均分是三星一刚……女主角是我见到的最酷的，漫画家自己导演出来的感觉就是原汁原味，场景满分，人物还原满分，雷点是突然冒出来的三维人物，感觉片子一下退回2星……难道是钱不够了……还是真人出演外加化妆比三维出效果得多。,5,1
还是小学的时候看的呢，那时就感觉动画幻想的魅力啊，后来一直没看到过，在找也找不到，非常想再看一次呢,5,1
这部是我最早看的乙女向逆后宫动画。当年365个夜嘉士利卡通世界（类似小神龙俱乐部）中的一部动画。,5,1
圣剑的伴侣，喜欢这个设定，很好看的动画片,5,1
哈哈，笑死我了！,5,1
太萌了！！！！！！！！最后还有爱德和阿尔哈哈哈哈哈哈哈哈！！！！,5,1
比本篇更强大哈哈我笑抽了.,5,1
这样吐槽师傅合适么...哈哈哈哈,5,1
小姐，你的熊掉了。小姐，你的熊掉了。小姐，你的熊掉了。小姐，你的熊掉了。小姐，你的熊掉了。小姐，你的熊掉了。小姐，你的熊掉了。小姐，你的熊掉了。小姐，你的熊掉了。小姐，你的熊掉了。小姐，你的熊掉了。小姐，你的熊掉了。小姐，你的熊掉了。小姐，你的熊掉了。小姐，你的熊掉了。,5,1
路过的家庭主妇战斗值爆表。,5,1
师傅是萌，不愧是我喜欢的大姐头,5,1
哈哈哈哈哈哈哈哈哈哈哈哈哈哈~~~~,5,1
哈哈~~小姐，你的熊掉了~~笑死我了~~,5,1
小姐，你的熊掉了~~~噗,5,1
主妇的十八岁,5,1
这真的是轰天炮？？,5,1
"如果我十年前能看到这部电影该多好，那样，我会更懂得珍惜，更懂得青春的美好吧。                                                               记忆深刻的台词：我叫张世豪,天蝎座,O型,游泳队,吉他社，我很不错哦。",5,1
一年后 三年后 五年后 甚至是更久更久以后 我们会变成怎样的大人 虽然我闭着眼睛也看不见自己 但是 我却可以看见你,5,1
喜欢这样的节奏，朦朦胧胧，若有若无。初恋的怀疑，好像离我越来越远，站在青春的尾巴上，看着自己的花季逝去，我惋惜自己的17岁，没有经历这样唯美的夏天。我即将毕业，最后一个属于青春的夏天，我也许应该站在蓝色大门前，对着迎面走来的女生说，我过的很好……,5,1
17岁的那个夏天太阳依旧炽热，地面被炙烤得犹如锅炉。一阵风吹来，撩起心中的窗纱，我看见了你。我不想要求什么，只想要一份简简单单的回忆。,5,1
很少有见到评价如此高的台湾影片了，几乎清一色的好评，还是极好。包括表姐也极度爱这部片子。喜欢陈柏霖那个时候的感觉，不是自己意义上的帅气，却青涩而率真 十七岁的青春。骑单车，穿校服，喜欢的话，自以为是的追求与表白，对未知的迷茫和不安，总觉得离我们那么远又那么贴近。,5,1
太喜欢这部了！不知从什么时候开始喜欢的桂纶镁，我想应该是在这个时候吧！,5,1
留下什么，我就变成什么样的大人，如果有一天，或许1年，或许3年，你开始喜欢男生，你一定要告诉我....3年，5年以后，甚至更久更久以后，我们会变成什么样子的大人呢？是体育老师，还是我妈，虽然我闭着眼睛，也看不见自己，但是我却可以看见你.....,5,1
看这样的电影特别容易叫人回忆起青涩时期的自己。我们心中都有一个张士豪，不管是一直放在从未说出过的还是已经说出或者被拒绝的又或许是那个默默等待你看到它的，都是美好的青春。在十七八岁这样一个年纪我们大都是偏于感性的，一切喜恶一切行为都由心牵引所以才最愉快，不管是笑过哭过都是值得记忆的,5,1
【三年，五年以后，我们会变成什么样的大人？我闭着眼睛也看不见自己，但是我却可以看见你。】 台湾白衬衫夏日文艺小青春片儿多到起腻，这部可算上乘，陈柏霖和桂纶镁都还像刚刚剥开皮的白煮蛋，眼神倔强水嫩，青春逼人。,5,1
记得那年夏天 有个女生 孟克柔 有个男生 张士豪 还有我们17岁的记忆中的蓝色大门 在这个夏天 我们留下什么就成为什么样的大人 我闭上眼睛 我看不见自己 却看得见你,5,1
“我叫张世豪 天蝎座O型血 游泳队吉他社。我长得还不错啊。就是想追你。”一脸青春手握无限资本的感觉，自信又纯净。“如果你只是17岁，你想的是能不能上大学，不再是处男，尿尿成直线，该是多幸福的小朋友啊。”不过我好像丢失了这种幸福有一段时间了。,5,1
战争的结束不意味着和平 一切还在恐慌之中,5,1
励志公路片~~,5,1
这是我今年看过的最好的电影。有我爱的老头,5,1
在我们摩托迷的眼中，他是绝对的英雄。,5,1
有梦想就要去追，高龄老头的极限速度梦。霍普金斯的演技登峰造极！,5,1
老兵不死，他们只是渐渐远去,5,1
三十岁没有梦想的人，看着一个头发皆白的老头讲，对我来说（骑在摩托车上）5分钟，赛过别人的一生。moved,5,1
人见人爱的老头儿，从新西兰到洛杉矶再到波尼维，始终乐观积极地面对一切，还有比这更好的了吗?!真的爱死安东尼·霍普金斯这个老头儿了!“大家都希望老人躲起来等死，但我还不打算退出江湖”,5,1
04年看过一遍，当时觉得这个蓝女人美死了。今天重温了一下，觉得这个鸟人QJ女人的故事还不错。反正很对我的胃口。,5,1
很怪异，不过值得思考,5,1
我是自己的心魔\被判浪迹天涯\永远不得微笑,5,1
美工，造型，音乐，对白，情节节奏，。。。我不明白为什么这样一部片子会被人称为烂片。。。彼之蜜糖，人之砒霜。,5,1
尴尬到请剧组自己原地爆炸，讲英文的时候尴尬还特么升级了，努力都看不完四分之一。负分/10,1,-1
"Broadway, Coney Island, Lincoln Center Central Park 电影本身很水，但是实地拍摄各场景，满满都是回忆 PS.高以翔反串还是挺雷的，女主角做得很过分",1,-1
老套路，剧情不合常理,1,-1
瞎编故事，脑残片,1,-1
我就羡慕这种导演，你别管我拍的啥，反正我敢播出来。,1,-1
这破片还拍2不用看也给你一星，豆瓣啥时候给负分？ 赵奕欢还是进军av界吧，身材好也不用演技啊,1,-1
0分！0分！ 垃圾如吃屎一样的电影,1,-1
我又在浪费生命了，接着上一个的名字，演着一些完全不知道是什么的东西。编剧就是个智障儿，tm从日本公海漂到了陆地，剧情毫无逻辑，完全就是导演在yy。哪有那么煞笔的女猪脚。最不要脸的事电影还打出未完待续，恶心透顶。,1,-1
在尴尬的气氛中，快进完了,1,-1
超垃圾的电影，足足浪费我两小时，5毛特效，前后不搭边的剧情。我差点吐了😱,1,-1
【其实我1分都不想给，真的~】,1,-1
这是什么脑残剧情啊。。。看起来像中二时期的玛丽苏小说。。。不对还是小学生写的那种。。。,1,-1
我不知道豆瓣是否还客观，如果客观的话，请把我的评论让观众看到。我要说的就一句话，看完了你不骂娘，私聊我领红包！这是我看过最垃圾的电影之一！垃圾中的战斗机，我真不记得上次看到这么垃圾的电影是什么时候了，剧本谁写的？我初中的时候都比这个剧本强，我真是草了狗了来看，特意注册个豆瓣评论下,1,-1
看得我尴尬死了,1,-1
千古烂片之一，看到前面部分就算了，整个全部忍住看完发现，对得起管小姐的水准，还好意思继续拍。这辈子拒看此人,1,-1
这乱七八糟的拍的什么。王语嫣拍成了朱九真，阿朱造型真丑。一星都是抬举它，白白浪费了那么强大的卡司阵容。,1,-1
真是妈个鸡什么鬼。一星给万水千山纵横+汤镇业（私心觉得这是他古装颜值最正常的一部，抠门台打光坑爹）黄日华陈玉莲惠天赐的颜，全员都比电视剧里好看，肯定是因为打光终于充足了（……）,1,-1
改编得…太差了……,1,-1
就是因为成龙老爱拍这种像小丑一样的搞笑动作片，我才特不喜欢他,1,-1
为啥我要一而再再而三的挑战自己，为什么我又打开了洪尚秀？,1,-1
金城武演得不好，虽然就是帅。铃木杏这个倒霉逼就没有会演戏的时候，那俩大腮帮子就像时刻不停在吃东西，就这逼形象还能演战士？诸多龙套也演得乱七八糟，太像玩了，山崎贵你这个小杂碎,1,-1
这是什么烂片…,1,-1
日了狗了 我怎么坚持到18分钟那么久的 对准头开枪拿了钥匙开车走人找人报警再去救人不逞英雄会吗？,1,-1
被海报骗了 尼妈 谁看谁后悔,1,-1
傻逼女主逻辑感人，傻逼反派BB个没完，傻逼故事逆转你妹，用这么多血浆还能拍出这么无聊的片子也是6得飞起。,1,-1
什么鬼东西啊，除了血浆就没有别的可看了。逻辑就不谈了，因为没有，连人物性格塑造啥的也是摸不着头脑，真是烂片。,1,-1
欺负直男没看过GV吧 跟真的产业比起来这卡司真的是很丑不管是糖爹还是twink,1,-1
???什么垃圾玩意儿，一个半小时浪费了,1,-1
雷德利斯科特大概是全世界用james franco最好的导演。,1,-1
邹胖推荐 一个好网友 但是推荐的东西太烂了,1,-1
跟摇滚无关⋯⋯,1,-1
“妈的垃圾”，感受到我质朴的语言，真挚的感情了没,1,-1
小时候看过，现在完全无印象了。,1,-1
如果我没记错的话 这就是我初中时候毁我三观的电影：原来国外的片子也可以烂成这样！！！而且最后那个 马克吐温 我真的是无力吐槽了 无力吐槽了 无力吐槽了！！！！！！！！！！！！,1,-1
我想说的是，那个外星人不就是脸上罩了一个面膜吗，老版西游记的化妆水平都比这个好吧,1,-1
"最后还没有在一起,真是让人失望啊.",1,-1
不顶不是温州人，再顶我也就打一星~~~~~~~~~~~~,1,-1
女主竟然是black，这审美太无力吐槽,1,-1
只露两点的三级片，本来还以为是恐怖片，结果是到处啪啪啪的三级片。要看Kira Noir还不如直接去看她的AV，作品数量丰富，看这片子没意思 2.5/10,1,-1
确实是个黄片,1,-1
胸小人丑还学韩国，本来人就丑，三点还露两点，无语=_=,1,-1
讲了个啥？架空背景展示美国教会社区的包容与爱？,1,-1
不知所云。拿看本片的时间用来拉屎都好。,1,-1
剧本拿了辅导金，拍成这样？每一个人都像充气儿的,1,-1
太狗血了吧...冲着男女主颜值评个分吧,1,-1
一颗星给高圆圆的颜 不能再多了,1,-1
这是我看过的最神的片 就像那种从胳肢窝长出丑萌吸血鬼一样的日本猎奇电影 无法用语言形容……,1,-1
粗制滥造，自作聪明，乏味至极。,1,-1
有巩俐、刘晓庆、陈道明，原以为本片不错，特特地留了准备看，这次赴京的路上总算入眼，故事烂到无比，基本是戏说与意淫历史，清皇室如此不堪，估计老慈禧九泉之下也要牙痒。唯一可取，是在镜头中看到了80年代的老北京城，木有高楼，一片四合院，那么地天高气爽。,1,-1
夜壶老贼死不出碟，看pv就当作看过了吧,1,-1
不怎么样，时间还特长,1,-1
男主女主都不讨人喜欢，爱情喜剧也就毁了,1,-1
就是一部A片,1,-1
肿么说呢...看的真不舒服..都跳着看的..实在看不下去.,1,-1
带音乐的A片,1,-1
忒恶心，想吐了~,1,-1
音乐配得让人毫无情绪，完全打乱全篇感觉,1,-1
烂片！ 小清新的装逼指南！ 重点是什么？ 到底要表达什么？ 片尾女人的事逼让人已经忍无可忍！,1,-1
壮哉我大B哥，不仅在铜锣湾玩得风生水起，也在丧尸界声明显赫(笑着哭),1,-1
借着丧尸题材拍三级片，有意思吗？一星是给化妆师的。,1,-1
片比特效的烂肉还烂，,1,-1
多打一星还是看在MC Hotdog和大渊出演的面子,1,-1
丧尸的血腥是有的 但剧情真是一糟糊涂！,1,-1
无节操地烂,1,-1
看完正义联盟，再看这片，华语电影的恶意扑面而来，不是特效的差距，而是全方位的尴尬，追龙证明王晶好好拍电影还是不错，但平时就是不好好拍而已，这个就是不好好拍的结果。ps这片原定是“片儿帝”古天乐演，后来不知道为啥换了人，我就知道这片要完，没想到完的如此彻底,1,-1
烂到吐血，比《仙球大战》更甚，这玩意就是天马行空里的一坨屎，分分钟让你有生吞苍蝇的恶心感，张雨绮郑恺谢依霖王祖蓝从着装到表演辣瞎你的眼睛，故事胡说八道，特效惨不忍睹，整部电影就是一桶脏兮兮油腻腻的臭泔水，泛着令人作呕的膻腥味，想不通王晶和钟少雄怎么能做到如此极致的恶，如此纯粹的烂,1,-1
找郑恺这种县城夜总会牛郎脸和张雨绮这种煤老板情妇脸出演金童玉女，试图上演感天动地的爱情故事，大概是全片唯一好笑的部分了。,1,-1
惨绝人寰的烂。,1,-1
13/100 王晶牌流水线产品，不难看不要钱。,1,-1
王晶你逗谁玩儿呢？！,1,-1
我已经在回忆导演是否拍过好的片子了！,1,-1
台词尴尬，剧情弱智，演技浮夸，画质渣渣。作为一部3D电影，3D效果都花在了开头演职表部分，真是惊为天人，精神可嘉。从一开始到结尾，感觉自己跟老花眼一样，看着重影，难道是电影院3D眼镜坏了？王胖子，NMD！,1,-1
巨型页游，充钱送会员吗？,1,-1
说实话，这种拍到哪儿算哪儿的东西，真的很难将其定义为电影，不仅是剧情没逻辑，甚至连对白都没逻辑……怎么说呢？加了五毛特效的加长版火山小视频？能强忍着看完，真纯是为了张雨绮的盛世魅颜和波涛胸涌吧……果然对于我这种屌丝，什么演技啊、深度啊，有时候就是敌不过倾城一笑和胸脯半两的啊！,1,-1
这五毛的特效，两毛五的剧本，跑男的演技，简直让人想起王晶的电影！什么，导演就是这个胖子？……,1,-1
特别无聊，特效一般，剧情无聊，感觉很糟糕,1,-1
看完我赶紧找来星爷的《济公》压压惊,1,-1
不亏叫金童玉女，特效假到像年画，古今中西无脑大杂烩，郑恺操着各种网络流行语和俏皮话，上个世纪的低级笑点。张雨绮在人间穿着阿依莲漆皮黑皮靴，在天上穿着山寨罗马式缎袍。这种骗钱的片子真是一无是处。,1,-1
一分钱页游特效，分分钟雷到爆炸。,1,-1
故事又臭又长还黑中国，女主身材火辣但不脱。真特么没看头！,1,-1
这个可以看得眉飞色舞啊，就因为胡乱黑减一星,1,-1
1.5  企图往特别无聊简单的一段关系一段旅程中注入一些符号意义，结果是更加无聊，根子上的毛病是镜头感太差,1,-1
农村留守的哪有那么多年轻姑娘？开什么玩笑？,1,-1
大烂片一部，一个贫困县拿出1000万找个亲戚办个影视公司。捧个领导亲戚！找几个四五流演员，买个破奖，出钱上个院线！拿电影当儿戏一样瞎弄，老套婚礼级的电影故事，拍摄手法，现今的时代，观众不是傻子，好不好一眼就明白。还大张旗鼓的组织各企事业单位观影！手段还能在卑劣点吗？,1,-1
故事太次，这么美的地方，这么美的歌和舞.... 居然拍得这么没质感。,1,-1
Ball Ball U 我宁愿去看一场傣族舞表演okay？,1,-1
既诡异又沙雕，弃。,1,-1
如此多的老明星啊，反而衬托出港片的没落。再见，再也不见,1,-1
林敏骢啊林敏骢~平时超搞笑，一埋电影堆就变身烂片王。,1,-1
出于对导演的尊重  虽然开场就知道了结局  我还是把它看完了,1,-1
坚持看了33分钟，我也佩服我的忍耐力，同时深深感到杭康电影业的死水没有一丝微澜。,1,-1
虚伪 卖弄情怀 毫无逻辑 故意煽情 浪费了他们的老年生活,1,-1
神一样的逻辑，看看熟悉的脸就行了。,1,-1
这就是传说中的哈哈哈哈吓死我了哈哈哈哈 呵呵,1,-1
没劲之极了，太老套了。,1,-1
毫无新意，俗套俗套。,1,-1
艳阳高照，二逼当道。,1,-1
我就日了，这他妈片。真他妈的没劲。,1,-1
与《生化危机》异曲同工！！一群行尸走肉！！,1,-1
补mark。跟风作，后来肥晶终于亲手把这个招牌搞坏。,1,-1
如果不炒马震还是可以多加一星的,1,-1
特意来打个一星，再见,1,-1
先给个一星 热烈庆祝”中国式大片“借尸还魂。,1,-1
「这是一部伟大的艺术作品」：绿野仙踪园艺家陈冲 / 性瘾重度患者范冰冰 / 马术运动爱好者黎明 / 憋屈小忠犬吴尊 / 缺心眼儿共享主义者宁静,1,-1
安心作个安静的花瓶就好了，非要作一个嚣张的花瓶。没事老是炫耀自己的那点资本，炫耀多了就廉价了。,1,-1
范冰冰就是烂片代名词，毯星唯一的亮点就是红毯和通稿踩人，除此之外毫无长处,1,-1
绝对不是黑子 负分滚粗,1,-1
从来没有看过那么烂的片子…人家烂片是MV、PPT，这就是一部美拍集锦……,1,-1
0星都不够，我觉得你还该倒贴我星星。耻辱。黑点实在太多我也不说了，但是有些人说就是为了去看胸是什么意思，难道你没看过《苹果》里冰冰没法挤胸时的露点戏吗，那样的胸你说大，你是瞎吗。,1,-1
黎明果然最近缺钱，冰冰就不用说了,1,-1
我觉得唯一拯救这部片子的方法，就是把它拍成情色片。影片逻辑非常混乱，里面人物行事的动机非常让人困惑，就连杨玉环爱上皇帝都很让人费解。倒不如干脆是为了权利为了肉欲，你们说是不是？这样搞不好一举成为影史里程碑。,1,-1
唉 看到那么多差评以为是水军黑 等自己看完来评才知道 原来真是很！难！看！,1,-1
豆瓣没有负分制度真的不科学！中国的演员就不能稍微有点专业精神么？FBB去学一下竖琴会死吗？连POSE都摆的不伦不类，就是一张上妆脸各种角度拍来拍去，啊！真心是醉了！最后死的那声跟猫叫一样，不厚道的笑了！幸亏不是花钱去看的,1,-1
范爷出品，必属烂品。什么鬼，导演什么都想说，但什么都说不清楚，简直流水账一样。全程就看范冰冰换不同衣服和各个角度的无辜脸。不吐槽实在看不下去，旁边一人看了一半就离场了，太差了！,1,-1
爱奇艺宣传营销点就靠着范冰冰的一对胸，恶心，低俗，无耻。全片没有把杨贵妃另外有意义的一面拍出来，倒只知道杨贵妃活儿好 活儿好。,1,-1
毯星玛丽武上瘾了，没演技还是回去好好拍平面吧！,1,-1
范冰冰演技为零。。。。。低俗下流性生活糜烂侮辱历史文化玷污杨贵妃。虽六年耗资巨大，但依然是绝对的烂作，是历史剧的败笔，张艺谋的耻辱。炒作下流无耻，影响恶劣极坏，是玷污历史文化的耻辱。但我锁不愧专业床戏20年，把荡妇的本性诠释很通彻，值得点赞,1,-1
看见范冰冰就一星。,1,-1
这个一星不是打给电影的，是给炒作团队的，看看最新的这些五星四星的那些只看过杨贵妃一部电影的评语，发现fbb团队（或许是电影团队）恶！心！透！顶！那些评语是在说反话吗？？,1,-1
范冰冰第一玛丽苏！从场景镜头化妆台词剧情无一不昭示了冰冰的审美，她一定是言情小说狂热爱好者,1,-1
一个多小时的电影没有看出来什么,1,-1
造型师和何蓝逗有仇吗？那个眉毛、那个眼线、那个发型……,1,-1
何蓝逗挺作的，演技还不够成熟。但是她和何花有同一种吸引人的气质。（我以前瞎了，这么评论，辱何花了）男主有点像王大锤。不鼓励他们拍戏了,1,-1
乌维·鲍尔老师的第三个三部曲了...,1,-1
看这宣传的架势，和制作，和其被狂暴行为反噬的心态，说成是欧美的土味视频不为过吧。,1,-1
不想说啥，洗洗睡吧,1,-1
烂片也有烂片的拍法，欣赏不来,1,-1
没什么看点，极其普通,1,-1
太血腥，吓死个人。,1,-1
毫无营养的街头变魔术小混混求生故事片，各种俗套可快进看完。,1,-1
特效还行，杀人剧场那段也还可以，但其中主角人物的行为过于愚蠢，cult片就不需要剧情了吗？,1,-1
这电影要怎么看阿，,1,-1
伟人的作品，鲜明的MJ色彩，完全不敢苟同的演出方式，没法评价，也不敢评价。这次“劝退”最大的收获莫过于深刻地理解了所谓“道不同，不与谋”。经此一役，我终生都不会再尝试和接触摇滚音乐了。,1,-1
魔孩呢？？？就几个妆化的不咋地的丧尸镜头还很少！,1,-1
彭磊适合玩概念，输出态度。人也真诚，锐利但讨人喜欢。他对概念、趣味、态度之类，比较敏感。但这片，不是土不土的问题，就是挺烂的。,1,-1
？？？看错切尔诺贝利 还想说这么老土低质的片怎么那么多人夸,1,-1
实力演绎什么叫恶俗不分国界（主要是这个题材这个地点做恐怖片还那么直接真的我觉得好恶俗,1,-1
一部神奇的电影，你说它是惊悚片它却没那么吓人，你说它是探险片却又显得很无聊，这部电影只有最后十分钟是优秀的，其他全部都是败笔,1,-1
看到容祖儿。。。。就够了！！！！！！吐。。,1,-1
女优与装瞎子的恋情，终于曝光。,1,-1
这一分给胡歌的脑残粉丝~,1,-1
就算是当年也会引起众怒而退票吧,1,-1
一个傻B富翁花10万欧元为了成为鲨鱼美食的故事，故事就这么so easy,1,-1
无聊鲨鱼片，太无聊了，怎么会打4.7这么高的分,1,-1
这个不是一般的烂，烂的没影了，僵尸可以在白天出没？道士也是醉了。我感觉一群傻逼演的电影,1,-1
就是一个旅游宣传片，HBO播出此片简直自降水准……,1,-1
女人任性造成的严重后果。,1,-1
一分给哈利贝瑞的脸-  -,1,-1
男主像郭敬明，故事像郭敬明的小说，狗血矫情无病呻吟，结尾男主用45度仰望天空更加郭敬明，杀人戏能让全场爆笑，可见本片的厉害,1,-1
什么鬼东西？男女主是日本版郭敬明和南笙吧。快2019年了，日本青春题材电影仍旧没有长进。,1,-1
叙事糟糕，配乐多到我想吐。摇滚现场像宅舞应援。,1,-1
毫无激情的片子,1,-1
郭敬明勇闯小时代从头到尾皱眉+抓耳挠腮+疯狂挠头发，感觉看完衰老了十岁。头发本来就少，快挠没了（最致命的是，这条评论是在和导演视频连线时打的）我竟然找不出任何一个能看的地方……,1,-1
这个杀手不太冷？,1,-1
在CCTV6看了一小段就决定1星了,1,-1
千里走单骑之苹果版,1,-1
这要是换个别的牌子手机，我绝逼以为是个手机广告加长版，但是iphone应该不至于吧？那这是为了什么啊？,1,-1
什么样的人看见什么样的世界。导演你赢了你到底想表达什么啊，难道是江一燕好美 好性感 颠倒众生么！！！！虽说模样还成，但那样一女主真让我几次有拍死她的冲动啊！！！不对，几乎里面所有人都有让我拍死他们的冲动啊- -！,1,-1
#SIFF第六场#我都懒得评它，和动画完全不是一个量级的，除了美波的颜以外一无是处。,1,-1
去年考试月看的 =  =,1,-1
导演很诚实,1,-1
这个电影的标题恰到好处地反映了导演视财如命的本质。,1,-1
想钱想疯了吧！,1,-1
一切为洗钱,1,-1
世纪大烂片，我还去电影院看的。铭记于心,1,-1
一开始还蛮抱有期望的，国产的3D动画耶，做的还真不错，可是这个配音，情节，节奏完全体现了中国动漫的落后和无趣。,1,-1
她演技很好，可惜怎么看都不像罗密施耐德。两人形不似、神更不似，这个一脸狡诈像的老女人根本没有一点儿罗密的影子！,1,-1
我后悔看过了    配音太雷人,1,-1
我实在是不知道说什么好，不是一般的无趣~,1,-1
3.5分，为何拍的如此矫情做作。,1,-1
真的非常不喜欢沈殿霞·······,1,-1
呃，难看。女主一人就够惊悚了，好惹人讨厌。,1,-1
从来没看过这么闷的恐怖片,1,-1
（建议和要求，坚决千万不要看）节奏巨慢，很想快进，恶心人的片子，吃人肉吃蛆肉。天马行空想象出来一个片子。唯一觉得尚可的是“化妆”。看完了首次感觉还是“国产片好看”,1,-1
就是没负分 在豆瓣都差点找不着词条 你说是有多烂,1,-1
太烂，就这么去度假，竟然最后是幻觉，真乱,1,-1
不知所云的恐怖片，整体氛围极为沉闷无趣，最后也没看懂是什么意思,1,-1
如此恶心变态无厘头，后面全部快进，而且是和表弟一起看的。。。,1,-1
血腥归血腥，色情归色情，但你也别侮辱观众的智商啊,1,-1
★☆ 租碟年代，第二部从第一部平庸直接跳到烂片，各种难看,1,-1
狗屎一样的剧情~,1,-1
女主略丑，剧情略无聊。卡尔潘你还是和约翰赵在一起吧,1,-1
人生不能太严肃，否则你不能活着出来,1,-1
没有看点，相对于这类剧情，该片没有突出之处,1,-1
没想到这片子演员都长得一般，导演却是个花瓶…,1,-1
无一可取。希望这一年我和网飞不再互相伤害。,1,-1
"想法挺好的,但是节奏、剧情、反转像屎一样.",1,-1
快放的看完的，看得有点晕,1,-1
在一起的时候多付出一点儿，省的将来后悔。,1,-1
真是国产神剧，不需逻辑，跟这个剧组出品的活着回来、卧底...都一是样儿的，不敢恭维。,1,-1
外遇在哪呢？外遇在！哪！呢？,1,-1
也许是字幕和画面的原因。很无聊= =,1,-1
很难想象如果没有快进的快捷键怎么能看完这玩意,1,-1
不知所云，一星是给SJP向来卓越的穿衣品味的,1,-1
没想到此片剧情如此之烂！引用评述“钱德勒是有史以来最拙劣的侦探剧情制造者也是有史以来最伟大的侦探人物缔造者和对白作者”，这个杀人计划漏洞百出不值推敲。“同伙作案因不在一起时会互不信任会相互提防直到扫除通往终点的一切障碍，而最后就是坟墓”对白很经典！有爱值得去犯罪但不会怂恿去犯罪。,1,-1
受够这一切！！！,1,-1
某些人咋啥时候都不忘划拉姑娘呢?不过也正常，现在这些人都当领导了,1,-1
都没人死还叫啥主旋律！,1,-1
才发现我也觉得女主像孙丽,1,-1
有时候真的把观众当成傻逼，我还看完了。这部影片真的就是考验你的忍受力,1,-1
会看纯粹是盗版惹的祸,1,-1
作为烂片王的我都看不进去,1,-1
槽点井喷的山寨片，目测又是“The Asylum”的大作。尼玛就这种战斗力的僵尸，给我5颗豌豆射手可以干它们一个加强营。,1,-1
比僵尸更可怕的是该片的对话戏尤其可怕。,1,-1
最后是想说什么呢?,1,-1
这个烂尾程度出乎我的预料……,1,-1